,Ticker,Company,CEO,Year,Market Cap,CEO Pay,Median Worker Pay,Pay Ratio,Rank,Industry
0,AAPL,Apple Inc.,Tim Cook,2023,3632944644096.0,63209845,94118,672:01:00,high,Technology
1,NVDA,Nvidia Corp.,Jen-Hsun Huang,2024,3048047902720.0,34167902,266939,128:01:00,high,Technology
2,MSFT,Microsoft Corp.,Satya Nadella,2023,2951215579136.0,48512537,193770,250:01:00,high,Technology
3,MSFT,Microsoft Corp.,Satya Nadella,2023,2951215579136.0,48512537,193770,250:01:00,high,Technology
4,MSFT,Microsoft Corp.,Satya Nadella,2023,2951215579136.0,48512537,193770,250:01:00,high,Technology
5,MSFT,Microsoft Corp.,Satya Nadella,2023,2951215579136.0,48512537,193770,250:01:00,high,Technology
6,AVGO,Broadcom Inc.,Hock Tan,2023,934800195584.0,161826161,317199,510:01:00,high,Technology
7,JPM,J.P. Morgan Chase & Co.,James Dimon,2023,739990503424.0,35093780,95988,366:01:00,high,Financial Services
8,XOM,Exxon Mobil Corp.,D. W. Woods,2023,483076472832.0,36919898,185376,199:01:00,high,Energy
9,NFLX,Netflix Inc.,Ted Sarandos,2023,419441410048.0,49834936,200761,248:01:00,high,Communication Services
10,TMUS,"T-Mobile US, Inc.",Michael Sievert,2023,307915882496.0,37488851,72004,521:01:00,high,Communication Services
11,CRM,"Salesforce, Inc.",Marc Benioff,2024,285042442240.0,39642173,164985,240:01:00,high,Technology
12,CSCO,"Cisco Systems, Inc.",Charles Robbins,2023,255048171520.0,31843708,119165,267:01:00,high,Technology
13,ACN,Accenture PLC,Julie Sweet,2023,217979781120.0,31550906,20670,"1,526:1",high,Technology
14,MS,Morgan Stanley,James Gorman,2023,214687793152.0,32951606,0,241:01:00,high,Financial Services
15,AXP,American Express Co.,S.J. Squeri,2023,211434012672.0,35676905,52680,677:01:00,high,Financial Services
16,PEP,Pepsico Inc.,Ramon Laguarta,2023,210484117504.0,33906212,52356,648:01:00,high,Consumer Defensive
17,DIS,Walt Disney Co.,Robert A. Iger,2023,205726498816.0,31587166,54010,595:01:00,high,Communication Services
18,BX,Blackstone Inc.,Stephen Schwarzman,2023,196803772416.0,119784375,245000,489:01:00,high,Financial Services
19,NOW,"Servicenow, Inc.",William McDermott,2023,191983370240.0,37606244,214268,176:01:00,high,Technology
20,ADBE,Adobe Inc.,Shantanu Narayen,2023,190905171968.0,44932578,196336,229:01:00,high,Technology
21,BKNG,Booking Holdings Inc.,Glenn Fogel,2023,164601364480.0,46720734,92967,503:01:00,high,Consumer Cyclical
22,AMD,Advanced Micro Devices Inc.,Lisa T. Su,2023,161821130752.0,30348281,127642,238:01:00,high,Technology
23,UBER,"Uber Technologies, Inc.",Dara Khosrowshahi,2023,158785650688.0,24248209,83077,292:01:00,high,Technology
24,BLK,Blackrock Inc.,Laurence Fink,2023,151803281408.0,26939474,162300,166:01:00,high,Financial Services
25,C,Citigroup Inc.,Jane Fraser,2023,150664167424.0,25458313,70731,360:01:00,high,Financial Services
26,SCHW,Schwab Charles Corp.,Walter Bettinger II,2023,144233218048.0,23871744,117672,203:01:00,high,Financial Services
27,CMCSA,Comcast Corp.,Brian Roberts,2023,135663001600.0,35473666,0,398:01:00,high,Communication Services
28,BA,Boeing Co.,David Calhoun,2023,130985426944.0,32770519,119873,273:01:00,high,Industrials
29,DE,Deere & Co.,John C. May,2023,130493145088.0,26722519,94247,284:01:00,high,Industrials
30,AMAT,Applied Materials Inc.,Gary Dickerson,2023,128422559744.0,26854544,96883,277:01:00,high,Technology
31,PANW,Palo Alto Networks Inc.,Nikesh Arora,2023,126083694592.0,151425203,206035,735:01:00,high,Technology
32,KKR,Kkr & Co. Inc.,Joseph Bae,2023,125122584576.0,49959449,202500,240:01:00,high,Financial Services
33,NKE,"Nike, Inc.",John Donahoe II,2023,117487296512.0,32789885,33646,975:01:00,high,Consumer Cyclical
34,PLD,"Prologis, Inc.",Hamid Moghadam,2023,114856493056.0,50891597,127272,400:01:00,high,Real Estate
35,CB,Chubb Ltd.,Evan Greenberg,2023,114392981504.0,27661317,61188,452:01:00,high,Financial Services
36,ADI,Analog Devices Inc.,Vincent Roche,2023,114104238080.0,25543635,48425,527:01:00,high,Technology
37,MU,Micron Technology Inc.,Sanjay Mehrotra,2023,104319729664.0,25276953,54570,463:01:00,high,Technology
38,ICE,"Intercontinental Exchange, Inc.",Jeffrey Sprecher,2023,99531890688.0,27550872,133506,206:01:00,high,Financial Services
39,CRWD,"Crowdstrike Holdings, Inc.",George Kurtz,2024,95977545728.0,46983855,206034,177:01:00,high,Technology
40,KLAC,KLA Corp.,Richard Wallace,2023,94195621888.0,26644359,88831,300:01:00,high,Technology
41,AON,AON PLC,Gregory Case,2023,88370323456.0,23661834,88009,269:01:00,high,Financial Services
42,EQIX,Equinix Inc.,Charles Meyers,2023,88048476160.0,23927452,115896,206:01:00,high,Real Estate
43,CVS,CVS Health Corp.,Karen Lynch,2023,82859778048.0,21615034,55237,392:01:00,high,Healthcare
44,TT,Trane Technologies PLC,Dave Regnery,2023,79331729408.0,22856344,64148,356:01:00,high,Industrials
45,ITW,Illinois Tool Works Inc.,Scott Santi,2023,77478133760.0,22507817,66624,338:01:00,high,Industrials
46,MAR,Marriott International Inc.,Anthony Capuano,2023,77318668288.0,22664045,44805,506:01:00,high,Consumer Cyclical
47,TDG,Transdigm Group Inc.,Kevin Stein,2023,76678864896.0,23845374,58034,411:01:00,high,Industrials
48,COF,Capital One Financial Corp.,Richard Fairbank,2023,76475334656.0,28589573,93157,307:01:00,high,Financial Services
49,HCA,"Hca Healthcare, Inc.",Samuel Hazen,2023,76067151872.0,21315984,59816,356:01:00,high,Healthcare
50,MSI,"Motorola Solutions, Inc.",Gregory Brown,2023,73489006592.0,28178498,90726,311:01:00,high,Technology
51,USB,US Bancorp,Andrew Cecere,2023,73158844416.0,22916957,88624,259:01:00,high,Financial Services
52,CMG,Chipotle Mexican Grill Inc.,Brian Niccol,2023,73147703296.0,22473427,16595,"1,354:1",high,Consumer Cyclical
53,APD,"Air Products & Chemicals, Inc.",Seifi Ghasemi,2023,70335782912.0,22078099,66355,333:01:00,high,Basic Materials
54,PYPL,"Paypal Holdings, Inc.",Alex Chriss,2023,70285647872.0,41916755,94167,375:01:00,high,Financial Services
55,GD,General Dynamics Corp.,Phebe Novakovic,2023,68290666496.0,22582776,102785,220:01:00,high,Industrials
56,NOC,Northrop Grumman Corp.,Kathy Warden,2023,66839633920.0,24737493,114197,217:01:00,high,Industrials
57,HLT,Hilton Worldwide Holdings Inc.,Christopher Nassetta,2023,63748575232.0,26556464,48435,549:01:00,high,Consumer Cyclical
58,ROP,Roper Technologies Inc.,Neil Hunn,2023,62766530560.0,41295585,93861,440:01:00,high,Technology
59,AFL,AFLAC Inc.,Daniel Amos,2023,59834990592.0,20703253,63898,324:01:00,high,Financial Services
60,TRV,"Travelers Companies, Inc.",Alan Schnitzer,2023,58606661632.0,22730072,117491,194:01:00,high,Financial Services
61,NXPI,NXP Semiconductors N.v.,Kurt Sievers,2023,54677934080.0,21123742,62028,341:01:00,high,Technology
62,AMP,Ameriprise Financial Inc.,James Cracchiolo,2023,53886353408.0,28378031,133296,213:01:00,high,Financial Services
63,FCX,Freeport-mcmoran Inc.,Richard Adkerson,2023,53042249728.0,24017321,93911,256:01:00,high,Basic Materials
64,PSX,Phillips 66,Mark Lashier,2023,52874350592.0,19409262,156695,124:01:00,high,Energy
65,CHTR,"Charter Communications, Inc.",Christopher Winfrey,2023,51608035328.0,89077078,54476,"1,635:1",high,Communication Services
66,AIG,"American International Group, Inc.",Peter Zaffino,2023,49211039744.0,24617936,88585,278:01:00,high,Financial Services
67,GM,General Motors Co,Mary Barra,2023,48884449280.0,27847405,91778,303:01:00,high,Consumer Cyclical
68,NDAQ,"Nasdaq, Inc.",Adena Friedman,2023,47610503168.0,18498752,117468,157:01:00,high,Financial Services
69,MPC,Marathon Petroleum Corp.,Michael Hennigan,2023,46942662656.0,24054492,176205,137:01:00,high,Energy
70,SRE,Sempra Energy,Jeffrey Martin,2023,46624780288.0,27421881,150500,182:01:00,high,Utilities
71,FICO,Fair Isaac Corp.,William Lansing,2023,46061080576.0,66349962,101674,653:01:00,high,Technology
72,BKR,Baker Hughes Co,Lorenzo Simonelli,2023,44149092352.0,21680736,69676,311:01:00,high,Energy
73,YUM,Yum Brands Inc.,David Gibbs,2023,43643179008.0,21238955,17628,"1,205:1",high,Consumer Cyclical
74,CBRE,"Cbre Group, Inc.",Robert Sulentic,2023,42587250688.0,18358834,70802,269:01:00,high,Real Estate
75,XEL,Xcel Energy Inc.,Bob Frenzel,2023,41402847232.0,21357168,140980,151:01:00,high,Utilities
76,CTSH,Cognizant Technology Solutions Corp.,Ravi Kumar Current,2023,41216352256.0,22563405,40660,556:01:00,high,Technology
77,PRU,Prudential Financial Inc.,Charles F. Lowrey,2023,40745398272.0,19213328,91552,210:01:00,high,Financial Services
78,DAL,"Delta Air Lines, Inc.",Edward Bastian,2023,38835232768.0,34214328,101947,336:01:00,high,Industrials
79,LHX,"L3Harris Technologies, Inc.",Christopher Kubasik,2023,38813396992.0,19824247,106472,186:01:00,high,Industrials
80,F,Ford Motor Co.,James Farley,2023,37850947584.0,26470033,84829,312:01:00,high,Consumer Cyclical
81,FIS,"Fidelity National Information Services, Inc.",Stephanie L. Ferris,2023,37671698432.0,19435522,43839,443:01:00,high,Technology
82,PCG,PG&E Corp.,Patricia Poppe,2023,35843096576.0,16994840,179696,95:01:00,high,Utilities
83,DD,"Dupont de Nemours, Inc.",Edward Breen,2023,34183864320.0,19854971,93601,212:01:00,high,Basic Materials
84,EA,Electronic Arts Inc.,Andrew Wilson,2023,33650995200.0,20659002,129851,159:01:00,high,Communication Services
85,LYV,"Live Nation Entertainment, Inc.",Michael Rapino,2023,33132359680.0,23438317,28207,831:01:00,high,Communication Services
86,ROK,"Rockwell Automation, Inc.",Blake Moret,2023,32468912128.0,16765020,64024,262:01:00,high,Industrials
87,LVS,Las Vegas Sands Corp.,Robert Goldstein,2023,32009451520.0,21937818,41185,533:01:00,high,Consumer Cyclical
88,RJF,Raymond James Financial Inc.,Paul Reilly,2023,31693428736.0,34912956,126100,277:01:00,high,Financial Services
89,NUE,Nucor Corp.,Leon Topalian,2023,31691784192.0,22500626,105755,213:01:00,high,Basic Materials
90,LEN,Lennar Corp,Stuart Miller,2023,31613423616.0,34284913,109229,314:01:00,high,Consumer Cyclical
91,CAH,Cardinal Health Inc.,Jason Hollar,2023,31278223360.0,18776433,69024,269:01:00,high,Healthcare
92,CSGP,"Costar Group, Inc.",Andrew Florance,2023,31272108032.0,29176180,109250,267:01:00,high,Real Estate
93,EBAY,Ebay Inc.,Jamie Iannone,2023,31010459648.0,21560669,160007,135:01:00,high,Consumer Cyclical
94,UAL,"United Airlines Holdings, Inc.",Scott Kirby,2023,30851856384.0,18573299,81050,229:01:00,high,Industrials
95,MLM,Martin Marietta Materials Inc.,C. Howard Nye,2023,29459027968.0,18488885,99816,185:01:00,high,Basic Materials
96,ANSS,Ansys Inc.,Ajei Gopal,2023,29209962496.0,24633791,117169,210:01:00,high,Technology
97,HPQ,HP Inc.,Enrique Lores,2023,29109948416.0,19458431,67816,287:01:00,high,Technology
98,CNC,Centene Corp.,Sarah London,2023,28849917952.0,18556966,79507,234:01:00,high,Healthcare
99,K,Kellogg Co.,Steve Cahillane,2023,28618407936.0,17038641,52936,322:01:00,high,Consumer Defensive
100,WBD,"Warner Bros. Discovery, Inc.",David M. Zaslav,2023,28131549184.0,49702546,171163,290:01:00,high,Communication Services
101,IRM,Iron Mountain Inc.,William Meaney,2023,27367847936.0,14867140,40174,371:01:00,high,Real Estate
102,DOV,Dover Corp.,Richard Tobin,2023,27276212224.0,16795101,52946,317:01:00,high,Industrials
103,FTV,Fortive Corp.,James Lico,2023,27066664960.0,17659164,77370,230:01:00,high,Technology
104,DOW,Dow Inc.,Jim Fitterling,2023,26823036928.0,20829446,94600,220:01:00,high,Basic Materials
105,GPN,Global Payments Inc.,Cameron Bready,2023,26069012480.0,16000483,56245,285:01:00,high,Industrials
106,HPE,Hewlett Packard Enterprise Co,Antonio Neri,2023,26018652160.0,20066549,66816,300:01:00,high,Technology
107,EL,Estee Lauder Companies Inc.,Fabrizio Freda,2023,25867108352.0,21811244,33819,645:01:00,high,Consumer Defensive
108,GDDY,Godaddy Inc.,Aman Bhutani,2023,25373401088.0,15877217,106590,149:01:00,high,Technology
109,FOXA,Fox Corp.,Lachlan Murdoch,2023,25273266176.0,21777902,97491,223:01:00,high,Communication Services
110,LYB,Lyondellbasell Industries,Peter Vanacker,2023,24892919808.0,16546194,106365,156:01:00,high,Basic Materials
111,WRB,Berkley W R Corp.,Robert Berkley,2023,23921575936.0,16813566,113622,148:01:00,high,Financial Services
112,SYF,Synchrony Financial,Brian Doubles,2023,23589351424.0,19175684,57653,333:01:00,high,Financial Services
113,DVN,Devon Energy Corp.,Richard Muncrief,2023,23490625536.0,14883151,175300,85:01:00,high,Energy
114,ES,Eversource Energy,Joseph Nolan,2023,23111120896.0,18885577,140991,134:01:00,high,Utilities
115,HAL,Halliburton Co.,Jeffrey Miller,2023,22891587584.0,19911392,87310,228:01:00,high,Energy
116,ADM,Archer-Daniels-Midland Co,Juan Ricardo Luciano,2023,22642171904.0,24414668,81467,300:01:00,high,Consumer Defensive
117,CNP,Centerpoint Energy Inc.,David Lesar,2023,22406445056.0,16204475,115722,140:01:00,high,Utilities
118,FE,Firstenergy Corp.,Brian Tierney,2023,22343809024.0,26452616,151804,175:01:00,high,Utilities
119,EIX,Edison International,Pedro Pizarro,2023,21076447232.0,14881111,182831,81:01:00,high,Utilities
120,LH,Laboratory Corp of America Holdings,Adam Schechter,2023,21012047872.0,15979355,61201,261:01:00,high,Healthcare
121,ZBH,"Zimmer Biomet Holdings, Inc.",Bryan Hanson,2023,20766253056.0,12761312,66850,250:01:00,high,Healthcare
122,CTRA,Coterra Energy Inc.,Thomas Jorden,2023,20624435200.0,14547853,157111,93:01:00,high,Energy
123,PFG,Principal Financial Group Inc.,Daniel Houston,2023,20084842496.0,15118828,78155,194:01:00,high,Financial Services
124,ON,ON Semiconductor Corp.,Hassane El-Khoury,2023,19827857408.0,19965513,141397,"1,268:1",high,Technology
125,PTC,PTC Inc.,James Heppelmann,2023,19688615936.0,15617171,82574,189:01:00,high,Technology
126,BBY,Best Buy CO Inc.,Corie Barry,2024,19222398976.0,14443881,32656,442:01:00,high,Consumer Cyclical
127,DGX,Quest Diagnostics Inc.,James Davis,2023,19188094976.0,12673834,68163,186:01:00,high,Healthcare
128,PKG,Packaging Corp of America,Mark Kowlzan,2023,19136524288.0,15228190,83406,183:01:00,high,Consumer Cyclical
129,COO,"Cooper Companies, Inc.",Albert White,2023,18072113152.0,13490923,39543,341:01:00,high,Healthcare
130,ARE,"Alexandria Real Estate Equities, Inc.",Joel Marcus,2023,17700388864.0,15485330,197536,78:01:00,high,Real Estate
131,TRMB,Trimble Inc.,Robert Painter,2023,17692108800.0,14954642,83971,178:01:00,high,Technology
132,TPR,"Tapestry, Inc.",Joanne Crevoiserat Interim,2023,17683222528.0,14489503,29535,491:01:00,high,Consumer Cyclical
133,BAX,Baxter International Inc.,José Almeida,2023,17656176640.0,13786671,48566,284:01:00,high,Healthcare
134,ULTA,"Ulta Beauty, Inc.",David Kimbell,2023,16989028352.0,12663880,13193,960:01:00,high,Consumer Cyclical
135,NWSA,News Corp.,Robert Thomson,2023,16963676160.0,19277292,77534,249:01:00,high,Communication Services
136,RL,Ralph Lauren Corp.,Patrice Louvet,2023,16746745856.0,14471356,31187,464:01:00,high,Consumer Cyclical
137,MOH,"Molina Healthcare, Inc.",Joseph Zubretsky,2023,16712159232.0,21491723,78620,273:01:00,high,Healthcare
138,KIM,Kimco Realty Corp.,Conor Flynn,2023,15016552448.0,13951194,112894,123:01:00,high,Real Estate
139,APTV,Aptiv PLC,Kevin Clark,2023,14941523968.0,18000136,11647,"1,545:1",high,Consumer Cyclical
140,HOLX,Hologic Inc.,Stephen MacMillan,2023,14224081920.0,15555032,94126,165:01:00,high,Healthcare
141,INCY,Incyte Corp.,Hervé Hoppenot,2023,14224014336.0,16659526,267066,62:01:00,high,Healthcare
142,ALGN,Align Technology Inc.,Joseph Hogan,2023,13802813440.0,28952411,22781,"1,271:1",high,Healthcare
143,TXT,Textron Inc.,Scott Donnelly,2023,13643680768.0,20391762,104326,196:01:00,high,Industrials
144,CAG,Conagra Brands Inc.,Sean Connolly,2023,12190752768.0,18720100,59177,316:01:00,high,Consumer Defensive
145,CHRW,"C. H. Robinson Worldwide, Inc.",David Bozeman,2023,12062904320.0,27966653,60720,572:01:00,high,Industrials
146,MRNA,"Moderna, Inc.",Stéphane Bancel,2023,11944862720.0,17068514,209627,81:01:00,high,Healthcare
147,HST,"Host Hotels & Resorts, Inc.",James Risoleo,2023,11428185088.0,17694586,251653,70:01:00,high,Real Estate
148,EMN,Eastman Chemical Co.,Mark Costa,2023,11269188608.0,17597890,78643,224:01:00,high,Basic Materials
149,VTRS,Viatris Inc.,Scott Smith,2023,11016835072.0,15930409,36903,469:01:00,high,Healthcare
150,SWKS,"Skyworks Solutions, Inc.",Liam Griffin,2023,10714994688.0,17261436,32457,532:01:00,high,Technology
151,BEN,Franklin Resources Inc.,Jennifer Johnson,2023,10639309824.0,15694227,138378,113:01:00,high,Financial Services
152,BG,Bunge Global SA,Gregory Heckman,2023,9939086336.0,17587870,85513,655:01:00,high,Consumer Defensive
153,MGM,Mgm Resorts International,William Hornbuckle,2023,9925752832.0,17003794,45502,374:01:00,high,Consumer Cyclical
154,TECH,Bio-Techne Corp.,Charles Kummeth,2023,9761934336.0,30584644,105484,290:01:00,high,Healthcare
155,WYNN,Wynn Resorts Ltd,Craig Billings,2023,9503736832.0,16152634,54089,299:01:00,high,Consumer Cyclical
156,HAS,"Hasbro, Inc.",Chris Cocks,2023,9082909696.0,15110869,105855,143:01:00,high,Consumer Cyclical
157,MTCH,"Match Group, Inc.",Bernard Kim,2023,7962095616.0,16080272,139011,116:01:00,high,Communication Services
158,ENPH,"Enphase Energy, Inc.",Badrinarayanan Kothandaraman,2023,7594562560.0,19527534,64379,303:01:00,high,Technology
159,LW,"Lamb Weston Holdings, Inc.",Thomas Werner,2023,7398788096.0,20352276,59285,343:01:00,high,Consumer Defensive
160,CZR,"Caesars Entertainment, Inc.",Thomas Reeg,2023,7043072000.0,18610359,33250,560:01:00,high,Consumer Cyclical
161,HII,"Huntington Ingalls Industries, Inc.",Christopher Kastner,2023,6870480384.0,14100619,84115,168:01:00,high,Industrials
162,BWA,Borgwarner Inc.,Frédéric Lissalde,2023,6510222848.0,19308195,39380,490:01:00,high,Consumer Cyclical
163,META,"Meta Platforms, Inc.",Mark Zuckerberg,2023,1692991619072.0,24399968,379050,64:01:00,mid,Communication Services
164,LLY,Eli Lilly & Co,David Ricks,2023,826882260992.0,26565732,157937,168:01:00,mid,Healthcare
165,WMT,Walmart Inc.,Doug McMillon,2024,792172625920.0,26968924,27642,976:01:00,mid,Consumer Defensive
166,V,Visa Inc.,Ryan McInerney,2023,699671248896.0,22604568,149782,151:01:00,mid,Financial Services
167,MA,Mastercard Inc.,Michael Miebach,2023,525426458624.0,25746498,140777,183:01:00,mid,Financial Services
168,UNH,UnitedHealth Group Inc.,Andrew Witty,2023,437098086400.0,23534936,66821,352:01:00,mid,Healthcare
169,JNJ,Johnson & Johnson,Joaquin Duato,2023,397305479168.0,28397240,84000,338:01:00,mid,Healthcare
170,ABBV,Abbvie Inc.,Richard A. Gonzalez,2023,369011097600.0,25661972,151991,169:01:00,mid,Healthcare
171,BAC,Bank of America Corp.,Brian Moynihan,2023,350575755264.0,28571192,124221,230:01:00,mid,Financial Services
172,BAC,Bank of America Corp.,Brian Moynihan,2023,350575755264.0,28571192,124221,230:01:00,mid,Financial Services
173,BAC,Bank of America Corp.,Brian Moynihan,2023,350575755264.0,28571192,124221,230:01:00,mid,Financial Services
174,BAC,Bank of America Corp.,Brian Moynihan,2023,350575755264.0,28571192,124221,230:01:00,mid,Financial Services
175,KO,Coca Cola Co.,James Quincey,2023,306274205696.0,24742908,13752,"1,799:1",mid,Consumer Defensive
176,CVX,Chevron Corp.,M.K. Wirth,2023,279266361344.0,26489856,175673,151:01:00,mid,Energy
177,WFC,Wells Fargo & Company,Charles Scharf,2023,257531035648.0,25966198,80012,325:01:00,mid,Financial Services
178,PM,Philip Morris International Inc.,Jacek Olczak,2023,241438670848.0,25480514,60974,369:01:00,mid,Consumer Defensive
179,ABT,Abbott Laboratories,Robert Ford,2023,239353495552.0,23268171,132152,176:01:00,mid,Healthcare
180,ABT,Abbott Laboratories,Robert Ford,2023,239353495552.0,23268171,132152,176:01:00,mid,Healthcare
181,ABT,Abbott Laboratories,Robert Ford,2023,239353495552.0,23268171,132152,176:01:00,mid,Healthcare
182,ABT,Abbott Laboratories,Robert Ford,2023,239353495552.0,23268171,132152,176:01:00,mid,Healthcare
183,T,AT&T Inc.,John T. Stankey,2023,196753915904.0,26450157,137176,193:01:00,mid,Communication Services
184,GS,Goldman Sachs Group Inc.,David Solomon,2023,194178744320.0,26670817,153492,174:01:00,mid,Financial Services
185,QCOM,Qualcomm Inc.,Cristiano Amon,2023,173830012928.0,23490335,105548,223:01:00,mid,Technology
186,INTU,Intuit Inc.,Sasan Goodarzi,2023,171606343680.0,27305429,184705,148:01:00,mid,Technology
187,AMGN,Amgen Inc.,Robert Bradway,2023,165491376128.0,22643650,166322,136:01:00,mid,Healthcare
188,CAT,Caterpillar Inc.,James Umpleby,2023,164384718848.0,25830332,59528,434:01:00,mid,Industrials
189,BSX,Boston Scientific Corp.,Michael Mahoney,2023,153171197952.0,18723735,54147,346:01:00,mid,Healthcare
190,PFE,Pfizer Inc.,Albert Bourla,2023,149778546688.0,21562064,74008,291:01:00,mid,Healthcare
191,DHR,Danaher Corp.,Rainer Blair,2023,148488142848.0,20903282,65010,322:01:00,mid,Healthcare
192,SYK,Stryker Corp.,Kevin Lobo,2023,147362004992.0,20767847,84028,247:01:00,mid,Healthcare
193,NEE,Nextera Energy Inc.,John Ketchum,2023,144341794816.0,20591124,186960,110:01:00,mid,Utilities
194,GILD,"Gilead Sciences, Inc.",Daniel O’Day,2023,142461108224.0,22607690,205866,110:01:00,mid,Healthcare
195,TJX,Tjx Companies Inc.,Ernie Herrman,2024,140250202112.0,22222769,14857,"1,496:1",mid,Consumer Cyclical
196,VRTX,Vertex Pharmaceuticals Inc / MA,Reshma Kewalramani,2023,123205279744.0,20594441,247549,83:01:00,mid,Healthcare
197,VRTX,Vertex Pharmaceuticals Inc / MA,Reshma Kewalramani,2023,123205279744.0,20594441,247549,83:01:00,mid,Healthcare
198,VRTX,Vertex Pharmaceuticals Inc / MA,Reshma Kewalramani,2023,123205279744.0,20594441,247549,83:01:00,mid,Healthcare
199,VRTX,Vertex Pharmaceuticals Inc / MA,Reshma Kewalramani,2023,123205279744.0,20594441,247549,83:01:00,mid,Healthcare
200,BMY,Bristol Myers Squibb Co.,Giovanni Caforio,2023,120987459584.0,19661434,151172,130:01:00,mid,Healthcare
201,MMC,"Marsh & Mclennan Companies, Inc.",John Doyle,2023,116810596352.0,19054956,69634,274:01:00,mid,Financial Services
202,ETN,Eaton Corp PLC,Craig Arnold,2023,115920068608.0,20493989,50683,405:01:00,mid,Industrials
203,ETN,Eaton Corp PLC,Craig Arnold,2023,115920068608.0,20493989,50683,405:01:00,mid,Industrials
204,ETN,Eaton Corp PLC,Craig Arnold,2023,115920068608.0,20493989,50683,405:01:00,mid,Industrials
205,ETN,Eaton Corp PLC,Craig Arnold,2023,115920068608.0,20493989,50683,405:01:00,mid,Industrials
206,LMT,Lockheed Martin Corp.,James Taiclet,2023,106010787840.0,22813775,121901,187:01:00,mid,Industrials
207,UPS,United Parcel Service Inc.,Carol Tomé,2023,101672099840.0,23390051,53669,436:01:00,mid,Industrials
208,SO,Southern Co.,Christopher Womack,2023,98481676288.0,23520387,164300,143:01:00,mid,Utilities
209,AMT,American Tower Corp,Thomas Bartlett,2023,96118505472.0,19709245,59881,329:01:00,mid,Real Estate
210,CME,Cme Group Inc.,Terrence Duffy,2023,91449065472.0,23468000,157285,149:01:00,mid,Financial Services
211,CME,Cme Group Inc.,Terrence Duffy,2023,91449065472.0,23468000,157285,149:01:00,mid,Financial Services
212,CME,Cme Group Inc.,Terrence Duffy,2023,91449065472.0,23468000,157285,149:01:00,mid,Financial Services
213,CME,Cme Group Inc.,Terrence Duffy,2023,91449065472.0,23468000,157285,149:01:00,mid,Financial Services
214,DUK,Duke Energy Corp.,Lynn Good,2023,91172241408.0,20559875,122570,168:01:00,mid,Utilities
215,CI,Cigna Group,David M. Cordani,2023,84559732736.0,21047255,75191,280:01:00,mid,Healthcare
216,MDLZ,"Mondelez International, Inc.",Van de Put Dirk,2023,83083436032.0,21018175,33093,635:01:00,mid,Consumer Defensive
217,MCK,Mckesson Corp.,Brian Tyler,2023,80241229824.0,20221325,68844,294:01:00,mid,Healthcare
218,ECL,Ecolab Inc.,Christophe Beck,2023,76129026048.0,15547055,49177,316:01:00,mid,Basic Materials
219,ZTS,Zoetis Inc.,Kristin Peck,2023,74888732672.0,15237853,74848,204:01:00,mid,Healthcare
220,CL,Colgate Palmolive Co.,Noel Wallace,2023,73987735552.0,17121584,50885,336:01:00,mid,Consumer Defensive
221,WMB,"Williams Companies, Inc.",Alan Armstrong,2023,70942949376.0,17548802,126008,139:01:00,mid,Energy
222,SPG,Simon Property Group Inc.,David Simon,2023,70163005440.0,15564307,52166,298:01:00,mid,Real Estate
223,CDNS,Cadence Design Systems Inc.,Anirudh Devgan,2023,68664053760.0,17341862,114804,151:01:00,mid,Technology
224,EMR,Emerson Electric Co.,Lal Karsanbhai,2023,68575883264.0,18317194,47840,383:01:00,mid,Industrials
225,RCL,Royal Caribbean Cruises Ltd.,Jason Liberty,2023,66232647680.0,17216276,18073,953:01:00,mid,Consumer Cyclical
226,BDX,Becton Dickinson & Co.,Thomas Polen,2023,64757559296.0,17309938,42404,408:01:00,mid,Healthcare
227,BK,Bank of New York Mellon Corp.,Robin Vince,2023,63716753408.0,16801167,80501,209:01:00,mid,Financial Services
228,ADSK,"Autodesk, Inc.",Andrew Anagnost,2023,59094720512.0,17600752,146199,141:01:00,mid,Technology
229,MET,Metlife Inc.,Michel Khalaf,2023,58708230144.0,20526009,81672,252:01:00,mid,Financial Services
230,AZO,Autozone Inc.,William Rhodes,2023,58620391424.0,18796822,26669,705:01:00,mid,Consumer Cyclical
231,TGT,Target Corp.,Brian Cornell,2023,56928256000.0,19203353,26696,719:01:00,mid,Consumer Defensive
232,SLB,Schlumberger Limited/nv,Olivier Le Peuch,2023,56651767808.0,18249585,118141,154:01:00,mid,Energy
233,JCI,Johnson Controls International PLC,George Oliver,2023,56547508224.0,15882646,49465,321:01:00,mid,Industrials
234,PCAR,Paccar Inc.,Preston Feight,2023,56279871488.0,15658665,93387,224:01:00,mid,Industrials
235,CARR,Carrier Global Corp.,David Gitlin,2023,55986421760.0,17695200,51614,343:01:00,mid,Industrials
236,CARR,Carrier Global Corp.,David Gitlin,2023,55986421760.0,17695200,51614,343:01:00,mid,Industrials
237,CARR,Carrier Global Corp.,David Gitlin,2023,55986421760.0,17695200,51614,343:01:00,mid,Industrials
238,CARR,Carrier Global Corp.,David Gitlin,2023,55986421760.0,17695200,51614,343:01:00,mid,Industrials
239,MNST,Monster Beverage Corp.,Rodney Sacks,2023,53148221440.0,17875482,98177,182:01:00,mid,Consumer Defensive
240,ALL,Allstate Corp.,Thomas Wilson,2023,52779925504.0,16487957,68814,239:01:00,mid,Financial Services
241,KMB,Kimberly Clark Corp.,Michael Hsu,2023,47102582784.0,16528052,51084,324:01:00,mid,Consumer Defensive
242,KR,Kroger Co.,Rodney McMullen,2023,46904139776.0,15710572,31302,502:01:00,mid,Consumer Defensive
243,ROST,"Ross Stores, Inc.",Barbara Rentler,2023,46295638016.0,18094944,8618,"2,100:1",mid,Consumer Cyclical
244,FANG,"Diamondback Energy, Inc.",Travis D. Stice,2023,46009540608.0,17583386,167164,105:01:00,mid,Energy
245,TEL,TE Connectivity Ltd.,Terrence R. Curtin,2023,45955309568.0,16717748,28447,588:01:00,mid,Technology
246,HES,Hess Corp.,John Hess,2023,45891096576.0,16750203,216197,78:01:00,mid,Energy
247,OXY,Occidental Petroleum Corp.,Vicki Hollub,2023,45836390400.0,17735019,190610,93:01:00,mid,Energy
248,LULU,Lululemon Athletica Inc.,Calvin McDonald,2023,44525445120.0,16494777,19518,845:01:00,mid,Consumer Cyclical
249,TRGP,Targa Resources Corp.,Matthew Meloy,2023,43996545024.0,14191630,133130,107:01:00,mid,Energy
250,AME,Ametek,David Zapico,2023,43663749120.0,14538544,68084,214:01:00,mid,Industrials
251,GLW,Corning,Wendell Weeks,2023,42956685312.0,15627653,42240,370:01:00,mid,Technology
252,CCI,Crown Castle Inc.,Jay Brown,2023,40895672320.0,14676171,123665,119:01:00,mid,Real Estate
253,DHI,Horton D R Inc.,Paul J. Romanowski,2023,40684322816.0,14189342,116043,277:01:00,mid,Consumer Cyclical
254,GEHC,GE HealthCare,Peter J. Arduini,2023,39944978432.0,17042211,74733,328:01:00,mid,Healthcare
255,OTIS,Otis Worldwide Corp.,Judy Marks,2023,39564664832.0,15924194,49048,325:01:00,mid,Industrials
256,PWR,"Quanta Services, Inc.","Earl C. (Duke) Austin, Jr.",2023,38476648448.0,14624532,108385,135:01:00,mid,Industrials
257,SYY,Sysco Corp.,Kevin Hourican,2023,36956434432.0,14341020,98704,145:01:00,mid,Consumer Defensive
258,A,"Agilent Technologies, Inc.",Michael McMullen,2023,36486877184.0,16023410,78825,203:01:00,mid,Healthcare
259,ED,Consolidated Edison Inc.,Timothy P. Cawley,2023,35198201856.0,16176871,224220,72:01:00,mid,Utilities
260,ACGL,Arch Capital Group Ltd.,Marc Grandisson,2023,34971324416.0,13102252,147294,86:01:00,mid,Financial Services
261,HSY,Hershey Co.,Ms. Buck,2023,34958405632.0,15654209,43527,360:01:00,mid,Consumer Defensive
262,DXCM,Dexcom Inc.,Kevin R. Sayer,2023,34532524032.0,15712244,85574,184:01:00,mid,Healthcare
263,RMD,Resmed Inc.,Michael Farrell,2023,34296383488.0,13868641,59197,235:01:00,mid,Healthcare
264,IR,Ingersoll Rand Inc.,Vicente Reynal,2023,34173376512.0,15523750,55400,280:01:00,mid,Industrials
265,HIG,"Hartford Financial Services Group, Inc.",Christopher Swift,2023,33755574272.0,16408250,101119,162:01:00,mid,Financial Services
266,GIS,General Mills Inc.,Jeffrey Harmening,2023,33415620608.0,16385646,51906,316:01:00,mid,Consumer Defensive
267,VMC,Vulcan Materials Co.,Thomas Hill,2023,32672122880.0,13530753,99874,136:01:00,mid,Basic Materials
268,HUM,Humana Inc.,Bruce Broussard,2023,32624822272.0,16327384,85122,192:01:00,mid,Healthcare
269,CCL,Carnival Corp.,Josh Weinstein,2023,32350730240.0,13808603,16789,822:01:00,mid,Consumer Cyclical
270,STZ,"Constellation Brands, Inc.",William Newlands,2023,31722678272.0,16068340,34821,461:01:00,mid,Consumer Defensive
271,WAB,Westinghouse Air Brake Technologies Corp.,Rafael Santana,2023,31668385792.0,15493240,48924,317:01:00,mid,Industrials
272,EFX,Equifax Inc.,Mark Begor,2023,30410684416.0,13049808,69056,189:01:00,mid,Industrials
273,VTR,"Ventas, Inc.",Debra Cafaro,2023,30241345536.0,13520625,114544,118:01:00,mid,Real Estate
274,VTR,"Ventas, Inc.",Debra Cafaro,2023,30241345536.0,13520625,114544,118:01:00,mid,Real Estate
275,VTR,"Ventas, Inc.",Debra Cafaro,2023,30241345536.0,13520625,114544,118:01:00,mid,Real Estate
276,VTR,"Ventas, Inc.",Debra Cafaro,2023,30241345536.0,13520625,114544,118:01:00,mid,Real Estate
277,IP,International Paper CO,Mark Sutton,2023,29647200256.0,12845526,87004,148:01:00,mid,Consumer Cyclical
278,MPWR,Monolithic Power Systems Inc.,Michael Hsing,2023,29220331520.0,14643469,49493,296:01:00,mid,Technology
279,STT,State Street Corp.,Ronald O’Hanley,2023,28624779264.0,13449164,51581,261:01:00,mid,Financial Services
280,DTE,DTE Energy Co.,Gerardo Norcia,2023,27708254208.0,10278098,144402,71:01:00,mid,Utilities
281,KEYS,"Keysight Technologies, Inc.",Satish Dhanasekaran,2023,27614642176.0,10750924,85570,125:01:00,mid,Technology
282,CHD,Church & Dwight CO Inc.,Matthew Farrell,2023,27351863296.0,11182166,88482,126:01:00,mid,Consumer Defensive
283,PPL,PPL Corp.,Vincent Sorgi,2023,25995331584.0,11969556,173259,69:01:00,mid,Utilities
284,PPG,PPG Industries Inc.,T. M. Knavish,2023,25695731712.0,9840723,49519,252:01:00,mid,Basic Materials
285,HBAN,Huntington Bancshares Inc.,Stephen Steinour,2023,23943426048.0,10179479,74173,137:01:00,mid,Financial Services
286,HBAN,Huntington Bancshares Inc.,Stephen Steinour,2023,23943426048.0,10179479,74173,137:01:00,mid,Financial Services
287,HBAN,Huntington Bancshares Inc.,Stephen Steinour,2023,23943426048.0,10179479,74173,137:01:00,mid,Financial Services
288,HBAN,Huntington Bancshares Inc.,Stephen Steinour,2023,23943426048.0,10179479,74173,137:01:00,mid,Financial Services
289,TROW,Price T Rowe Group Inc.,Robert Sharps,2023,23536867328.0,12841931,157096,82:01:00,mid,Financial Services
290,SBAC,SBA Communications Corp.,Jeffrey Stoops,2023,23449307136.0,11261032,69257,163:01:00,mid,Real Estate
291,SBAC,SBA Communications Corp.,Jeffrey Stoops,2023,23449307136.0,11261032,69257,163:01:00,mid,Real Estate
292,SBAC,SBA Communications Corp.,Jeffrey Stoops,2023,23449307136.0,11261032,69257,163:01:00,mid,Real Estate
293,SBAC,SBA Communications Corp.,Jeffrey Stoops,2023,23449307136.0,11261032,69257,163:01:00,mid,Real Estate
294,VRSN,Verisign Inc.,James Bidzos,2023,22503448576.0,12245901,217196,56:01:00,mid,Technology
295,TSN,"Tyson Foods, Inc.",Donnie King,2023,21848938496.0,13180119,41949,314:01:00,mid,Consumer Defensive
296,WY,Weyerhaeuser Co.,Devin Stockfish,2023,21839896576.0,13022431,100256,130:01:00,mid,Real Estate
297,CMS,CMS Energy Corp.,Garrick Rochow,2023,21826975744.0,9637210,170276,57:01:00,mid,Utilities
298,STX,Seagate Technology Holdings PLC,William Mosley,2023,21575061504.0,11436208,12065,948:01:00,mid,Technology
299,NTRS,Northern Trust Corp.,Michael O’Grady,2023,21569832960.0,10174760,70565,144:01:00,mid,Financial Services
300,RF,Regions Financial Corp.,John Turner,2023,21468575744.0,9217718,66724,139:01:00,mid,Financial Services
301,DECK,Deckers Outdoor Corp.,Dave Powers,2023,21151223808.0,11391476,51320,222:01:00,mid,Consumer Cyclical
302,NRG,"NRG Energy, Inc.",Mauricio Gutierrez,2023,20994428928.0,13128160,74050,177:01:00,mid,Utilities
303,IFF,International Flavors & Fragrances Inc.,"Frank K. Clyburn, Jr",2023,20917344256.0,10747653,57024,188:01:00,mid,Basic Materials
304,PHM,Pultegroup Inc.,Ryan Marshall,2023,20909862912.0,12530908,103517,121:01:00,mid,Consumer Cyclical
305,INVH,Invitation Homes Inc.,Dallas Tanner,2023,20834729984.0,10393322,76008,137:01:00,mid,Real Estate
306,STLD,Steel Dynamics Inc.,Mark Millett,2023,20563732480.0,11823662,119460,99:01:00,mid,Basic Materials
307,NTAP,"Netapp, Inc.",George Kurian a b,2023,20291971072.0,11370423,154521,74:01:00,mid,Technology
308,CFG,Citizens Financial Group Inc.,Bruce Van Saun,2023,20007759872.0,11075271,74287,149:01:00,mid,Financial Services
309,CLX,Clorox CO,Linda Rendle,2023,19265683456.0,11649650,72682,160:01:00,mid,Consumer Defensive
310,KEY,Keycorp,Christopher Gorman,2023,19140677632.0,10268718,80737,127:01:00,mid,Financial Services
311,PODD,Insulet Corp.,James Hollingshead,2023,19120457728.0,12379765,107199,115:01:00,mid,Healthcare
312,SNA,Snap-on Inc.,Nicholas Pinchuk,2023,17874989056.0,10574757,67206,157:01:00,mid,Industrials
313,TER,"Teradyne, Inc.",Gregory Smith,2023,17766451200.0,10110437,98546,103:01:00,mid,Technology
314,GPC,Genuine Parts Co.,Paul Donahue,2023,17331095552.0,11398274,38903,293:01:00,mid,Consumer Cyclical
315,UDR,"UDR, Inc.",Thomas Toomey,2023,17025314816.0,11755015,85212,138:01:00,mid,Real Estate
316,WDC,Western Digital Corp.,David Goeckeler,2023,17019028480.0,11031692,11519,958:01:00,mid,Technology
317,JBL,Jabil Inc.,Kenneth Wilson,2023,16969161728.0,10237971,8804,"1,163:1",mid,Technology
318,FFIV,"F5, Inc.",François Locoh-Donou,2023,16859261952.0,10856766,142691,76:01:00,mid,Technology
319,FFIV,"F5, Inc.",François Locoh-Donou,2023,16859261952.0,10856766,142691,76:01:00,mid,Technology
320,FFIV,"F5, Inc.",François Locoh-Donou,2023,16859261952.0,10856766,142691,76:01:00,mid,Technology
321,FFIV,"F5, Inc.",François Locoh-Donou,2023,16859261952.0,10856766,142691,76:01:00,mid,Technology
322,DPZ,Dominos Pizza Inc.,Russell Weiner,2023,16795437056.0,10135862,31481,322:01:00,mid,Consumer Cyclical
323,LNT,Alliant Energy Corp.,John Larsen,2023,16564334592.0,9709782,173346,56:01:00,mid,Utilities
324,ZBRA,Zebra Technologies Corp.,William Burns,2023,16187016192.0,11259895,64037,177:01:00,mid,Technology
325,MAS,Masco Corp.,Keith Allman,2023,15936882688.0,12476381,56636,220:01:00,mid,Industrials
326,J,Jacobs Solutions Inc.,Robert Pragada,2023,15699111936.0,10898649,91465,104:01:00,mid,Industrials
327,PNR,Pentair PLC,John Stauch,2023,15525760000.0,10008469,57729,173:01:00,mid,Industrials
328,CF,"CF Industries Holdings, Inc.",Anthony Will,2023,13735886848.0,12899559,140469,92:01:00,mid,Basic Materials
329,SWK,"Stanley Black & Decker, Inc.",Donald Allan,2023,13361442816.0,13877644,64305,216:01:00,mid,Industrials
330,BXP,Boston Properties Inc.,Owen Thomas,2023,12514747392.0,12963964,134611,96:01:00,mid,Real Estate
331,TAP,Molson Coors Beverage Co.,Gavin D.K. Hattersley,2023,12414411776.0,12210558,80339,152:01:00,mid,Consumer Defensive
332,AKAM,Akamai Technologies Inc.,Dr. Leighton,2023,12127655936.0,13384975,114429,117:01:00,mid,Technology
333,CPB,Campbell Soup Co.,Mark Clouse,2023,11942246400.0,11699822,70105,167:01:00,mid,Consumer Defensive
334,SJM,J M Smucker Co,Mark Smucker,2023,11762160640.0,11348537,74353,153:01:00,mid,Consumer Defensive
335,UHS,Universal Health Services Inc.,Marc Miller,2023,11391600640.0,14407937,50152,287:01:00,mid,Healthcare
336,LKQ,LKQ Corp.,Dominick Zarcone,2023,10933749760.0,12189021,41841,291:01:00,mid,Consumer Cyclical
337,IPG,"Interpublic Group OF Companies, Inc.",Philippe Krakowsky,2023,10210582528.0,14441360,70319,205:01:00,mid,Communication Services
338,DAY,Dayforce,David D. Ossip,2023,9856410624.0,13591865,69111,197:01:00,mid,Technology
339,WBA,"Walgreens Boots Alliance, Inc.",Rosalind Brewer,2023,9229154304.0,14134190,34763,407:01:00,mid,Healthcare
340,ALB,Albemarle Corp.,Kent Masters,2023,9056648192.0,14472114,57103,253:01:00,mid,Basic Materials
341,CRL,"Charles River Laboratories International, Inc.",James Foster,2023,8454217728.0,14096924,53621,263:01:00,mid,Healthcare
342,AES,AES Corp.,Andrés Gluski,2023,8240803328.0,12716194,52028,244:01:00,mid,Utilities
343,IVZ,Invesco Ltd.,Andrew Schlossberg,2023,7783798272.0,11864931,111480,108:01:00,mid,Financial Services
344,MOS,Mosaic Co.,James O RourkeJoc,2023,7598068224.0,11881204,33404,356:01:00,mid,Basic Materials
345,CE,Celanese Corp.,Lori Ryerkerk,2023,5569372160.0,12972962,77662,167:01:00,mid,Basic Materials
346,FMC,FMC Corp.,Mark Douglas,2023,4606448640.0,9623437,59199,163:01:00,mid,Basic Materials
347,GOOG,Alphabet Inc.,Sundar Pichai,2023,2087788609536.0,8802824,304930,29:01:00,low,Communication Services
348,COST,Costco Wholesale,Craig Jelinek,2023,465476943872.0,16870623,50202,336:01:00,low,Consumer Defensive
349,ORCL,Oracle Corp.,Safra Catz,2023,464463167488.0,5250680,85991,61:01:00,low,Technology
350,PG,Procter & Gamble Co,Jon Moeller,2023,407628709888.0,21715625,64024,339:01:00,low,Consumer Defensive
351,HD,"Home Depot, Inc.",Edward Decker,2023,393967763456.0,14419252,35131,410:01:00,low,Consumer Cyclical
352,IBM,International Business Machines Corp.,A. Krishna,2023,234078519296.0,20398426,65463,312:01:00,low,Technology
353,MRK,"Merck & Co., Inc.",Robert Davis,2023,233027190784.0,20273287,110827,183:01:00,low,Healthcare
354,GE,General Electric Co.,Lawrence Culp,2023,222149558272.0,14698285,73038,201:01:00,low,Industrials
355,LIN,Linde PLC,Sanjiv Lamba,2023,220873539584.0,19200255,49230,390:01:00,low,Basic Materials
356,MCD,Mcdonalds Corp.,Christopher Kempczinski,2023,220289744896.0,19155001,15802,"1,212:1",low,Consumer Cyclical
357,TMO,Thermo Fisher Scientific Inc.,Marc Casper,2023,199555989504.0,18976669,72762,261:01:00,low,Healthcare
358,PLTR,Palantir Technologies Inc.,Alexander Karp,2023,199167950848.0,3498197,191630,18:01,low,Technology
359,VZ,Verizon Communications Inc.,Kyle Malady,2023,181438070784.0,10810203,143498,168:01:00,low,Communication Services
360,TXN,Texas Instruments Inc.,Richard Templeton,2023,178416173056.0,20892318,79577,272:01:00,low,Technology
361,RTX,Raytheon Technologies Corp.,Gregory Hayes,2023,177158651904.0,21929459,117236,187:01:00,low,Industrials
362,PGR,Progressive Corp.,Susan Patricia Griffith,2023,165308399616.0,15636618,71672,218:01:00,low,Financial Services
363,SPGI,S&P Global Inc.,Douglas Peterson,2023,164285169664.0,19506412,43834,445:01:00,low,Financial Services
364,UNP,Union Pacific Corp.,Lance Fritz,2023,149071314944.0,15552576,137770,113:01:00,low,Industrials
365,LOW,Lowes Companies Inc.,Marvin Ellison,2023,139238391808.0,18162272,32626,557:01:00,low,Consumer Cyclical
366,HON,Honeywell International Inc.,James Currier,2023,138361257984.0,4895383,80363,192:01:00,low,Industrials
367,SBUX,Starbucks Corp.,Laxman Narasimhan,2023,131552051200.0,14604531,14209,"1,028:1",low,Consumer Cyclical
368,ADP,Automatic Data Processing Inc.,Maria Black,2023,128237600768.0,10682318,64996,197:01:00,low,Technology
369,MDT,Medtronic PLC,Geoffrey Martha,2023,118019325952.0,15394633,67073,230:01:00,low,Healthcare
370,ANET,"Arista Networks, Inc.",Jayshree Ullal,2023,117347221504.0,15561987,189124,82:01:00,low,Technology
371,INTC,Intel Corp.,Patrick P. Gelsinger,2023,102750896128.0,16855400,100100,168:01:00,low,Technology
372,LRCX,Lam Research Corp.,Timothy Archer,2023,98508070912.0,18310099,81126,226:01:00,low,Technology
373,WELL,Welltower Inc.,Shankh Mitra,2023,98447196160.0,17199891,117700,146:01:00,low,Real Estate
374,MO,"Altria Group, Inc.",William Gifford,2023,94423359488.0,18528628,151447,122:01:00,low,Consumer Defensive
375,MO,"Altria Group, Inc.",William Gifford,2023,94423359488.0,18528628,151447,122:01:00,low,Consumer Defensive
376,MO,"Altria Group, Inc.",William Gifford,2023,94423359488.0,18528628,151447,122:01:00,low,Consumer Defensive
377,MO,"Altria Group, Inc.",William Gifford,2023,94423359488.0,18528628,151447,122:01:00,low,Consumer Defensive
378,WM,Waste Management Inc.,"James C. Fish, Jr",2023,93604331520.0,14628854,97046,151:01:00,low,Industrials
379,SHW,Sherwin Williams Co.,Heidi Petz,2023,91061633024.0,10085512,49745,388:01:00,low,Basic Materials
380,MCO,Moodys Corp.,Robert Fauber,2023,90864910336.0,14387659,115386,125:01:00,low,Financial Services
381,MCO,Moodys Corp.,Robert Fauber,2023,90864910336.0,14387659,115386,125:01:00,low,Financial Services
382,MCO,Moodys Corp.,Robert Fauber,2023,90864910336.0,14387659,115386,125:01:00,low,Financial Services
383,MCO,Moodys Corp.,Robert Fauber,2023,90864910336.0,14387659,115386,125:01:00,low,Financial Services
384,ABNB,"Airbnb, Inc.",Brian Chesky,2023,86285484032.0,295125,243757,1:01,low,Consumer Cyclical
385,PH,Parker Hannifin Corp.,Jennifer Parmentier,2023,86080692224.0,16404346,80647,204:01:00,low,Industrials
386,AJG,Arthur J. Gallagher & Co.,Pat Gallagher,2023,86022373376.0,15496222,63485,244:01:00,low,Financial Services
387,MMM,3M Co.,Michael Roman,2023,84214636544.0,16424566,61664,266:01:00,low,Industrials
388,CTAS,Cintas Corp.,Todd Schneider,2023,83735379968.0,7570256,62513,121:01:00,low,Industrials
389,FTNT,"Fortinet, Inc.",Ken Xie,2023,83056885760.0,16301613,124446,130:01:00,low,Technology
390,APH,Amphenol Corp.,R.A. Norwitt,2023,80657924096.0,10944707,16944,646:01:00,low,Technology
391,ORLY,O Reilly Automotive Inc.,Greg Johnson,2023,78822490112.0,5603352,35086,160:01:00,low,Consumer Cyclical
392,CEG,Constellation Energy Corp.,Joseph Dominguez,2023,78382252032.0,15185385,143428,73:01:00,low,Utilities
393,REGN,"Regeneron Pharmaceuticals, Inc.",Leonard S. Schleifer,2023,76389752832.0,8184338,165843,49:01:00,low,Healthcare
394,RSG,"Republic Services, Inc.",Jon Vander Ark,2023,74017792000.0,11812059,75422,157:01:00,low,Industrials
395,DELL,Dell Technologies Inc.,Michael Dell,2024,71696171008.0,3030405,74729,37:01:00,low,Technology
396,EOG,Eog Resources Inc.,Ezra Yacob,2023,71397400576.0,14558772,198556,73:01:00,low,Energy
397,SNPS,Synopsys Inc.,Sassine Ghazi,2023,70704635904.0,10067991,90759,140:01:00,low,Technology
398,WDAY,"Workday, Inc.",Carl Eschenbach,2024,70048440320.0,2521664,233831,439:01:00,low,Technology
399,FDX,Fedex Corp.,Rajesh Subramaniam,2023,63319728128.0,13249823,45976,289:01:00,low,Industrials
400,TFC,Truist Financial Corp.,William Rogers,2023,60502970368.0,12037646,109424,114:01:00,low,Financial Services
401,KMI,"Kinder Morgan, Inc.",Kimberly Dang,2023,60215115776.0,12405510,132724,93:01:00,low,Energy
402,KMI,"Kinder Morgan, Inc.",Kimberly Dang,2023,60215115776.0,12405510,132724,93:01:00,low,Energy
403,KMI,"Kinder Morgan, Inc.",Kimberly Dang,2023,60215115776.0,12405510,132724,93:01:00,low,Energy
404,KMI,"Kinder Morgan, Inc.",Kimberly Dang,2023,60215115776.0,12405510,132724,93:01:00,low,Energy
405,AEP,American Electric Power CO Inc.,Julia A. Sloat,2023,56547028992.0,10633745,121286,88:01:00,low,Utilities
406,NSC,Norfolk Southern Corp.,Alan Shaw,2023,55646154752.0,13418978,123776,109:01:00,low,Industrials
407,HWM,Howmet Aerospace Inc.,John Plant,2023,55326146560.0,7344588,58372,126:01:00,low,Industrials
408,DLR,"Digital Realty Trust, Inc.",Andrew Power,2023,53583216640.0,12355560,114016,108:01:00,low,Real Estate
409,PSA,Public Storage,Joseph Russell,2023,53259804672.0,8776291,31827,276:01:00,low,Real Estate
410,CPRT,Copart Inc.,Jeffrey Liaw,2023,52941893632.0,2009000,45224,44:01:00,low,Industrials
411,O,Realty Income Corp.,Sumit Roy,2023,50843156480.0,13128810,134421,98:01:00,low,Real Estate
412,CMI,Cummins Inc.,Jennifer Rumsey,2023,50617749504.0,12846068,63827,201:01:00,low,Industrials
413,GWW,"W.W. Grainger, Inc.",D.G. Macpherson,2023,49239375872.0,10160673,65160,157:01:00,low,Industrials
414,DFS,Discover Financial Services,John B. Owen,2023,49110585344.0,2188651,59905,145:01:00,low,Financial Services
415,NEM,Newmont Corp.,Tom Palmer,2023,48274685952.0,11747104,55338,212:01:00,low,Basic Materials
416,D,"Dominion Energy, Inc.",Robert Blue,2023,48243068928.0,6278835,112683,56:01:00,low,Utilities
417,MSCI,MSCI Inc.,Henry Fernandez,2023,45854281728.0,13793145,57876,238:01:00,low,Financial Services
418,KDP,Keurig Dr Pepper Inc.,Robert Gamgort,2023,45478260736.0,7620095,59669,128:01:00,low,Consumer Defensive
419,VST,Vistra Corp.,James Burke,2023,45474607104.0,10453376,149935,70:01:00,low,Utilities
420,VST,Vistra Corp.,James Burke,2023,45474607104.0,10453376,149935,70:01:00,low,Utilities
421,VST,Vistra Corp.,James Burke,2023,45474607104.0,10453376,149935,70:01:00,low,Utilities
422,VST,Vistra Corp.,James Burke,2023,45474607104.0,10453376,149935,70:01:00,low,Utilities
423,EXC,Exelon Corp.,Calvin Butler,2023,44430725120.0,12266720,146180,84:01:00,low,Utilities
424,GRMN,Garmin Ltd,Clifton Pemble,2023,44047044608.0,6540666,41063,159:01:00,low,Technology
425,FAST,Fastenal Co.,Daniel Florness,2023,43427446784.0,3115507,46393,67:01:00,low,Industrials
426,CTVA,"Corteva, Inc.",Charles Magro,2023,43176312832.0,13234872,77084,172:01:00,low,Basic Materials
427,EW,Edwards Lifesciences Corp.,Mr. Zovighian,2023,42241478656.0,12869020,50368,265:01:00,low,Healthcare
428,URI,"United Rentals, Inc.",Matthew Flannery,2023,41948057600.0,11002256,86568,127:01:00,low,Industrials
429,VRSK,"Verisk Analytics, Inc.",Lee Shavel,2023,41649348608.0,10366566,87582,118:01:00,low,Industrials
430,PEG,Public Service Enterprise Group Inc.,Ralph LaRossa,2023,40458223616.0,11778863,143410,82:01:00,low,Utilities
431,ETR,Entergy Corp.,Andrew Marsh,2023,37579358208.0,10373208,135842,76:01:00,low,Utilities
432,ODFL,"Old Dominion Freight Line, Inc.",Kevin M. Freeman,2023,37514190848.0,9496611,78853,156:01:00,low,Industrials
433,TTWO,Take Two Interactive Software Inc.,Strauss Zelnick,2023,37413621760.0,115015,75276,2:01,low,Communication Services
434,KHC,Kraft Heinz Co,Miguel Patricio,2023,36698140672.0,11359250,75128,151:01:00,low,Consumer Defensive
435,IDXX,Idexx Laboratories Inc.,Jonathan Mazelsky,2023,35549368320.0,11519309,61136,188:01:00,low,Healthcare
436,VICI,Vici Properties Inc.,Edward Pitoniak,2023,34320486400.0,11277678,376391,30:01:00,low,Real Estate
437,VICI,Vici Properties Inc.,Edward Pitoniak,2023,34320486400.0,11277678,376391,30:01:00,low,Real Estate
438,VICI,Vici Properties Inc.,Edward Pitoniak,2023,34320486400.0,11277678,376391,30:01:00,low,Real Estate
439,VICI,Vici Properties Inc.,Edward Pitoniak,2023,34320486400.0,11277678,376391,30:01:00,low,Real Estate
440,WEC,"Wec Energy Group, Inc.",Scott Lauber,2023,33900961792.0,9552179,131029,73:01:00,low,Utilities
441,BRO,"Brown & Brown, Inc.",Powell Brown,2023,33894379520.0,9786745,68672,143:01:00,low,Financial Services
442,WTW,Willis Towers Watson,Carl Hess,2023,33860591616.0,12668832,49706,255:01:00,low,Financial Services
443,EXR,Extra Space Storage Inc.,Joseph Margolis,2023,33650614272.0,12280701,49954,246:01:00,low,Real Estate
444,AVB,Avalonbay Communities Inc.,Benjamin Schall,2023,32175007744.0,9479687,80764,117:01:00,low,Real Estate
445,XYL,Xylem Inc.,Patrick Decker,2023,31799070720.0,10825450,56420,192:01:00,low,Industrials
446,MCHP,Microchip Technology Inc.,Ganesh Moorthy,2023,31656028160.0,12276315,51229,240:01:00,low,Technology
447,MTB,M&T Bank Corp.,René F. Jones,2023,31505922048.0,9385557,84682,111:01:00,low,Financial Services
448,TSCO,Tractor Supply Co,Harry Lawton,2023,29421180928.0,11374666,22152,513:01:00,low,Consumer Cyclical
449,EQR,Equity Residential,Mark Parrell,2023,29027837952.0,11361059,74135,153:01:00,low,Real Estate
450,FITB,Fifth Third Bancorp,Timothy Spence,2023,28934414336.0,9385726,66030,142:01:00,low,Financial Services
451,EQT,EQT Corp.,Toby Rice,2023,28778733568.0,10600926,135105,78:01:00,low,Energy
452,BR,"Broadridge Financial Solutions, Inc.",Timothy Gokey,2023,28227323904.0,12235278,67457,182:01:00,low,Technology
453,AEE,Ameren Corp.,Martin Lyons,2023,27411650560.0,9009431,133250,68:01:00,low,Utilities
454,MTD,Mettler Toledo International Inc.,Patrick Kaltenbach,2023,26620848128.0,8417336,46144,182:01:00,low,Healthcare
455,AWK,"American Water Works Company, Inc.",Susan Hardwick,2023,26506944512.0,7720825,96531,80:01:00,low,Utilities
456,CPAY,Corpay,Ronald F. Clarke,2023,25587421184.0,2669024,50798,53:01:00,low,Technology
457,EXPE,"Expedia Group, Inc.",Peter Kern,2023,25508532224.0,1009900,105372,10:01,low,Consumer Cyclical
458,EXPE,"Expedia Group, Inc.",Peter Kern,2023,25508532224.0,1009900,105372,10:01,low,Consumer Cyclical
459,EXPE,"Expedia Group, Inc.",Peter Kern,2023,25508532224.0,1009900,105372,10:01,low,Consumer Cyclical
460,EXPE,"Expedia Group, Inc.",Peter Kern,2023,25508532224.0,1009900,105372,10:01,low,Consumer Cyclical
461,ATO,Atmos Energy Corp.,Kevin Akers,2023,24147292160.0,8104362,91592,88:01:00,low,Utilities
462,TDY,Teledyne Technologies Inc.,Robert Mehrabian,2023,24120858624.0,8557552,66824,128:01:00,low,Technology
463,CDW,CDW Corp.,Christine Leahy,2023,23610073088.0,9020376,105264,86:01:00,low,Technology
464,DRI,Darden Restaurants Inc.,Ricardo Cardenas,2023,23483287552.0,8500029,22248,382:01:00,low,Consumer Cyclical
465,DRI,Darden Restaurants Inc.,Ricardo Cardenas,2023,23483287552.0,8500029,22248,382:01:00,low,Consumer Cyclical
466,DRI,Darden Restaurants Inc.,Ricardo Cardenas,2023,23483287552.0,8500029,22248,382:01:00,low,Consumer Cyclical
467,DRI,Darden Restaurants Inc.,Ricardo Cardenas,2023,23483287552.0,8500029,22248,382:01:00,low,Consumer Cyclical
468,CINF,Cincinnati Financial Corp.,Steven J. Johnston,2023,23135811584.0,8381511,120704,69:01:00,low,Financial Services
469,WAT,Waters Corp.,Udit Batra,2023,22418108416.0,8742180,76668,114:01:00,low,Healthcare
470,ERIE,Erie Indemnity Co.,Timothy NeCastro,2023,22383738880.0,7824320,84410,93:01:00,low,Financial Services
471,ERIE,Erie Indemnity Co.,Timothy NeCastro,2023,22383738880.0,7824320,84410,93:01:00,low,Financial Services
472,ERIE,Erie Indemnity Co.,Timothy NeCastro,2023,22383738880.0,7824320,84410,93:01:00,low,Financial Services
473,ERIE,Erie Indemnity Co.,Timothy NeCastro,2023,22383738880.0,7824320,84410,93:01:00,low,Financial Services
474,MKC,Mccormick & CO Inc.,Brendan Foley,2023,22152697856.0,5213172,40141,275:01:00,low,Consumer Defensive
475,CBOE,"Cboe Global Markets, Inc.",Fredric J. Tomczyk,2023,22071181312.0,8366510,179120,58:01:00,low,Financial Services
476,STE,Steris PLC,Daniel Carestio,2023,21542469632.0,7740184,68915,113:01:00,low,Healthcare
477,STE,Steris PLC,Daniel Carestio,2023,21542469632.0,7740184,68915,113:01:00,low,Healthcare
478,STE,Steris PLC,Daniel Carestio,2023,21542469632.0,7740184,68915,113:01:00,low,Healthcare
479,STE,Steris PLC,Daniel Carestio,2023,21542469632.0,7740184,68915,113:01:00,low,Healthcare
480,ESS,"Essex Property Trust, Inc.",Angela Kleiman,2023,21495060480.0,3076648,93662,37:01:00,low,Real Estate
481,NVR,NVR Inc.,Eugene Bredow,2023,20894441472.0,1763200,75700,23:01,low,Consumer Cyclical
482,NVR,NVR Inc.,Eugene Bredow,2023,20894441472.0,1763200,75700,23:01,low,Consumer Cyclical
483,NVR,NVR Inc.,Eugene Bredow,2023,20894441472.0,1763200,75700,23:01,low,Consumer Cyclical
484,NVR,NVR Inc.,Eugene Bredow,2023,20894441472.0,1763200,75700,23:01,low,Consumer Cyclical
485,MAA,Mid America Apartment Communities Inc.,Eric Bolton,2023,20170532864.0,8015765,45501,176:01:00,low,Real Estate
486,HUBB,Hubbell Inc.,Gerben Bakker,2023,19942379520.0,9666284,49030,197:01:00,low,Industrials
487,NI,Nisource Inc.,Lloyd Yates,2023,19178252288.0,9216680,174408,53:01:00,low,Utilities
488,L,Loews Corp.,James Tisch,2023,18283988992.0,6918337,65779,105:01:00,low,Financial Services
489,FDS,Factset Research Systems Inc.,Philip Snow,2023,17559971840.0,6862015,21301,322:01:00,low,Financial Services
490,LDOS,"Leidos Holdings, Inc.",Thomas Bell,2023,17047775232.0,9187541,106046,91:01:00,low,Technology
491,WST,West Pharmaceutical Services Inc.,Eric M. Green,2023,16799065088.0,9395896,65395,144:01:00,low,Healthcare
492,DG,Dollar General Corp.,Todd Vasos,2023,16314110976.0,8980117,18657,521:01:00,low,Consumer Defensive
493,EXPD,Expeditors International OF Washington Inc.,Jeffrey Musser,2023,16199435264.0,7453361,51321,145:01:00,low,Industrials
494,EXPD,Expeditors International OF Washington Inc.,Jeffrey Musser,2023,16199435264.0,7453361,51321,145:01:00,low,Industrials
495,EXPD,Expeditors International OF Washington Inc.,Jeffrey Musser,2023,16199435264.0,7453361,51321,145:01:00,low,Industrials
496,EXPD,Expeditors International OF Washington Inc.,Jeffrey Musser,2023,16199435264.0,7453361,51321,145:01:00,low,Industrials
497,JBHT,Hunt J B Transport Services Inc.,John Roberts,2023,16120289280.0,8256333,66919,123:01:00,low,Industrials
498,EVRG,"Evergy, Inc.",David Campbell,2023,15849920512.0,7138724,105724,53:01:00,low,Utilities
499,BLDR,"Builders Firstsource, Inc.",David Rush,2023,15792183296.0,8105991,68736,118:01:00,low,Industrials
500,HRL,Hormel Foods Corp.,James Snee,2023,15718241280.0,6785979,52099,130:01:00,low,Consumer Defensive
501,DLTR,"Dollar Tree, Inc.",Richard Dreiling,2023,15667742720.0,3360766,15955,211:01:00,low,Consumer Defensive
502,AVY,Avery Dennison Corp.,Deon Stander,2023,14848615424.0,6070962,15679,403:01:00,low,Consumer Cyclical
503,AMCR,Amcor PLC,Ron Delia,2023,14626840576.0,7305995,66941,109:01:00,low,Consumer Cyclical
504,FSLR,"First Solar, Inc.",Mark Widmar,2023,14579702784.0,7725497,23560,328:01:00,low,Technology
505,DOC,Physicians Realty Trust,John Thomas,2023,14313119744.0,4807847,109629,44:01:00,low,Real Estate
506,REG,Regency Centers Corp.,Lisa Palmer,2023,13994834944.0,9269035,119778,77:01:00,low,Real Estate
507,CPT,Camden Property Trust,Richard Campo,2023,13244273664.0,6911304,66122,105:01:00,low,Real Estate
508,POOL,Pool Corp.,Peter Arvan,2023,13205258240.0,6103488,51621,118:01:00,low,Industrials
509,POOL,Pool Corp.,Peter Arvan,2023,13205258240.0,6103488,51621,118:01:00,low,Industrials
510,POOL,Pool Corp.,Peter Arvan,2023,13205258240.0,6103488,51621,118:01:00,low,Industrials
511,POOL,Pool Corp.,Peter Arvan,2023,13205258240.0,6103488,51621,118:01:00,low,Industrials
512,JKHY,Henry Jack & Associates Inc.,David Foss,2023,12654310400.0,10439026,84531,123:01:00,low,Technology
513,PAYC,"Paycom Software, Inc.",Chad Richison,2023,12287312896.0,3118606,79173,39:01:00,low,Technology
514,NDSN,Nordson Corp.,Sundaram Nagarajan,2023,11967961088.0,6981645,85402,82:01:00,low,Industrials
515,DVA,Davita Inc.,Javier Rodriguez,2023,11830400000.0,6712328,68007,99:01:00,low,Healthcare
516,EPAM,"Epam Systems, Inc.",Arkadiy Dobkin,2023,11722975232.0,7545130,39153,193:01:00,low,Technology
517,ALLE,Allegion PLC,John Stone,2023,11106438144.0,8997445,64092,140:01:00,low,Industrials
518,PNW,Pinnacle West Capital Corp.,Jeffrey Guldner,2023,11021421568.0,9322192,153935,61:01:00,low,Utilities
519,GL,Globe Life Inc.,Frank Svoboda,2023,10697124864.0,7206071,61022,118:01:00,low,Financial Services
520,AIZ,"Assurant, Inc.",Keith Demmings,2023,10559127552.0,10331024,52667,196:01:00,low,Financial Services
521,NCLH,Norwegian Cruise Line Holdings Ltd.,Harry Sommer,2023,9993640960.0,8864592,23330,380:01:00,low,Consumer Cyclical
522,AOS,Smith A O Corp.,Kevin Wheeler,2023,9541808128.0,8756656,49422,177:01:00,low,Industrials
523,FRT,Federal Realty Investment Trust,Donald Wood,2023,9096586240.0,8941820,135358,66:01:00,low,Real Estate
524,GNRC,Generac Holdings Inc.,Aaron Jagdfeld,2023,8116445696.0,7084966,70609,101:01:00,low,Industrials
525,MHK,Mohawk Industries Inc.,Jeffrey Lorberbaum,2023,7359628800.0,4428417,42888,103:01:00,low,Consumer Cyclical
526,MKTX,Marketaxess Holdings Inc.,Christopher Concannon,2023,7266871808.0,8293086,167000,50:01:00,low,Financial Services
527,TFX,Teleflex Inc.,Liam Kelly,2023,6165401088.0,9039947,37432,242:01:00,low,Healthcare
